"CONTRACT SYMBOL","OPTIONS FTD","OPTIONS LTD"
"=""Jul26""","02/28/2024","06/26/2026",
"=""Aug26""","02/28/2024","07/27/2026",
"=""Sep26""","02/28/2024","08/26/2026",
"=""Oct26""","02/28/2024","09/25/2026",
"=""Nov26""","02/28/2024","10/27/2026",
"=""Dec26""","02/28/2024","11/26/2026",
"=""Jan27""","02/28/2024","12/24/2026",
"=""Feb27""","02/28/2024","01/27/2027",
"=""Mar27""","01/28/2025","02/24/2027",
"=""Apr27""","01/28/2025","03/25/2027",
"=""May27""","01/28/2025","04/26/2027",
"=""Jun27""","01/28/2025","05/26/2027",
"=""Jul27""","01/28/2025","06/25/2027",
"=""Aug27""","01/28/2025","07/27/2027",
"=""Sep27""","01/28/2025","08/26/2027",
"=""Oct27""","01/28/2025","09/24/2027",
"=""Nov27""","01/28/2025","10/27/2027",
"=""Dec27""","01/28/2025","11/26/2027",
"=""Jan28""","01/28/2025","12/24/2027",
"=""Feb28""","01/28/2025","01/27/2028",
"=""Mar28""","01/27/2026","02/25/2028",
"=""Apr28""","01/27/2026","03/27/2028",
"=""May28""","01/27/2026","04/26/2028",
"=""Jun28""","01/27/2026","05/26/2028",
"=""Jul28""","01/27/2026","06/26/2028",
"=""Aug28""","01/27/2026","07/27/2028",
"=""Sep28""","01/27/2026","08/25/2028",
"=""Oct28""","01/27/2026","09/26/2028",
"=""Nov28""","01/27/2026","10/27/2028",
"=""Dec28""","01/27/2026","11/24/2028",
"=""Jan29""","01/27/2026","12/27/2028",
"=""Feb29""","01/27/2026","01/26/2029",
